symbol,ann_returns,ann_vol,ann_daily_variation,ann_max_drawdown,sharpe_ratio,beta,clusters
A,0.08400270391294867,0.12161454655068046,0.18563197754793406,0.12821477825296812,0.6881865069422106,0.5111943808152428,0
AAL,0.02817029284425815,0.2748436052181765,0.3559514630299109,0.566204596934766,0.22005146366371298,0.6163873139310041,1
AAPL,0.1453331333321599,0.141592099348858,0.18004694586803838,0.34640354480230573,0.8456957630366848,0.5828585397418886,0
ABBV,0.09714355124310131,0.17872407815831806,0.24519306297304824,0.42294883868054556,0.581140681152125,0.40407501839672205,2
ABT,0.12301148744222226,0.07020700391772872,0.16305900718534624,0.03448195267453652,0.887966171083822,0.4241081476665271,0
ACGL,0.05088659192533462,0.04751363060625588,0.17113154643653705,0.21615076186741997,0.6407009962007766,0.3392020174670012,0
ACN,0.08545292561234952,0.059173226266517526,0.1392418291791898,0.16062120046300818,0.7755842192569129,0.40557083882994305,0
ADBE,0.1804997719044942,0.17936555602025064,0.2360174799993409,0.19518585847773004,0.8770869829654442,0.5370421973387847,0
ADI,0.07673259433365487,0.15573846331741895,0.23475124901248953,0.16985457661383127,0.6249816887657029,0.6249405869813187,0
ADM,0.019129916153925314,0.07144182889228823,0.1734072014396893,0.2154974750690374,0.41350042738902953,0.37982471791446903,2
ADP,0.07277051778487328,0.0841936927272344,0.16809592864514156,0.12138313130415915,0.6906271833259789,0.43236621202881403,0
ADSK,0.12803862596882445,0.2605285959663193,0.30325243055111073,0.18591463856936521,0.6954364670128991,0.6093466449527246,0
AEE,0.06393795284553866,0.01885098169811114,0.14349467357557152,0.10664717048100553,0.7155355321704138,0.1376788939304432,0
AEP,0.06524199391387467,0.007826012858104192,0.1311560028394399,0.10243311268577474,0.7701183791668342,0.10838316899765954,0
AES,0.08657196065866632,0.11543882689529553,0.2209273183972504,0.12335817047534464,0.7047097631498346,0.29467630785972243,0
AFL,0.06937235213072515,0.029296810814632285,0.12747420751281824,0.06741572306825538,0.7165294694952193,0.309010616290894,0
AIG,0.0038149204366668132,0.10002307045193978,0.18945291209819984,0.39781024183686065,0.2684883571394171,0.4388596667492805,2
AIZ,0.05104044611966285,0.08569265174424776,0.18928017888008544,0.1797209866493423,0.6023558902380481,0.32792895174901615,0
AJG,0.08922289283478477,0.026573561532759138,0.13572019170448105,0.03187226788668543,0.8635951393600996,0.35227108349466363,0
AKAM,0.03734172198721447,0.20454811395982345,0.22504093620067947,0.3270431210011465,0.4790883816585829,0.45790853837906315,2
ALB,0.06337956891539201,0.23458453488945116,0.293690243403099,0.5722459923840203,0.3190154833551122,0.6293893897519284,1
ALGN,0.23009792499691026,0.3736263979443425,0.38881521008474507,0.5492491477023645,0.6988608391304976,0.6212203113556394,1
ALL,0.05924841334729533,0.04503320174296169,0.13742460125739456,0.18767626109399801,0.6863777416500179,0.3147338129024691,0
ALLE,0.09179318572723405,0.08259496551194431,0.18740983740011538,0.11690423365903185,0.7632646079032879,0.36282233004529,0
AMAT,0.09495247268828896,0.2679351212969049,0.31397335065559506,0.5066032064632663,0.6246768192894789,0.6740744615749077,1
AMCR,0.025600221695848024,0.08244326888351797,0.0,0.23048178232542724,0.43014671667770865,0.2580275591659642,2
AMD,0.24371563518962094,0.5735871466064064,0.5740011949557231,0.46980292639121213,0.7237618483654473,1.0,1
AME,0.09954479155355145,0.06627868115806637,0.15657524427528577,0.1558094208749101,0.8270404665783744,0.4607849652247426,0
AMGN,0.0722964601535977,0.0926364416422861,0.19959646628747216,0.11796924076834173,0.6732568286093934,0.31646601839901395,0
AMP,0.06427118348543892,0.15094335325470434,0.23370277263825937,0.4220763212827968,0.5931847052427911,0.6228862468538197,1
AMT,0.12237507137138662,0.05912117982306797,0.17991467675544176,0.06454808341338802,0.8990500381707214,0.11522903472730522,0
AMZN,0.14527177132528477,0.17740530908925936,0.21494875538563116,0.2950291023672461,0.7688044266665145,0.5451007111781385,0
ANET,0.19020429299416444,0.39010796727774255,0.3556039486499023,0.40558986063641156,0.6004466768743602,0.5621918955395004,1
ANSS,0.15047358070865816,0.12854991375760025,0.23120037163164633,0.22172817037219442,0.8777908064814774,0.5580844175722605,0
AON,0.08722679408307918,0.04288825009620037,0.14363043819486618,0.09581384766637216,0.8143802108647523,0.38134950959933733,0
AOS,0.04423006081496972,0.11811520664553668,0.21574908844870147,0.3514454233357942,0.3839838124573556,0.44647438372335213,2
APA,0.0004389607337182966,0.3440168118955196,0.4104551766197292,0.6988973091424177,0.14938253798109072,0.6880610934544762,1
APD,0.07609551299564091,0.05470465619300521,0.1486062857174557,0.045085126726204156,0.709490387627955,0.36097456139250406,0
APH,0.06428235890355743,0.06333139929424658,0.1462392053267038,0.1571388393561419,0.6789498574059898,0.5000075599729927,0
APTV,0.08007036576389709,0.18816334134486276,0.25386911379626476,0.3826663374591853,0.5999263211077523,0.6363511342577082,1
ARE,0.05787629052570584,0.04328909060413494,0.15981845742411532,0.07568054991796833,0.6778094667197392,0.2330889608915115,0
ATO,0.06128149547561673,0.014393205723576247,0.14104702776939923,0.07784149687794534,0.7268870221731962,0.14324934018409058,0
AVB,0.037653285541916964,0.02315384244795518,0.1545425825992525,0.14098036043348844,0.5560432870513669,0.17750517037501695,0
AVGO,0.09362795320291314,0.21020315903398676,0.2697502606965131,0.2049948313372882,0.6433648748744576,0.5529183571313269,0
AVY,0.09341455720167896,0.0937943778838943,0.17132700414691238,0.251623316007507,0.7395462091553424,0.43568496021216907,0
AWK,0.08356046486561025,0.027194970569743765,0.14864096846911054,0.09719868693703995,0.7890391682273555,0.08673293268678661,0
AXON,0.17389965424049345,0.4020456285567615,0.41020486545323365,0.444440286536677,0.6934014166549478,0.5838631116444807,1
AXP,0.0738887351608683,0.06520378786698008,0.148906782314106,0.13918149575878808,0.7094089900445606,0.4465727336843373,0
AZO,0.0565973886937885,0.14643028553282586,0.24016402835206782,0.33882881723988434,0.5621052598481168,0.2919624439839653,2
BA,0.16245295762581288,0.1671382839787434,0.226284672501587,0.205392020140809,0.7389168587541183,0.40403640310605154,0
BAC,0.0649118456556683,0.12225408730998491,0.20626651796535203,0.24464399666800377,0.6194302454453385,0.5157542639537546,2
BALL,0.10703767886019652,0.08654319540454367,0.188412562647594,0.1472515322318444,0.6905995899901962,0.26459229172590865,0
BAX,0.09857485659793089,0.07490950591343537,0.15869849002436068,0.1409833307612537,0.7801420833636659,0.38595246493825597,0
BBWI,0.001660164767725486,0.40128116901632604,0.43208296159739357,0.7411185650919312,0.11639789645816798,0.6037960154522686,1
BBY,0.11131403515759195,0.26570223277337135,0.29785359422733393,0.373247055466685,0.6587890040400343,0.5067212545234285,1
BDX,0.06923856049542129,0.07669857181775835,0.17406190891657852,0.13513091710183844,0.6817783200511611,0.4394125642357298,0
BEN,0.01894851773405734,0.12058897040178543,0.21820935264879562,0.3386060638480731,0.20235418646369172,0.5339298233218155,2
BF-B,0.0934145588745279,0.10371705337418144,0.19340816454799117,0.16223080100900075,0.7375205379819569,0.33192297952078686,0
BG,0.016539565204743978,0.17327096982603782,0.24136667456684271,0.34986253186551874,0.30726289553579933,0.32087711645499406,2
BIIB,0.03222720037479479,0.29045466969679135,0.27385595941573504,0.4049046372290668,0.3877725882699803,0.3208177673510067,2
BIO,0.09593909795044347,0.18567600902036777,0.23968886868674125,0.27653775387355495,0.6672739108101327,0.5013249883659958,0
BK,0.024837010964258832,0.08907394427158347,0.18219156074086326,0.21495342602737108,0.42266082412025296,0.40322431899015976,2
BKNG,0.04880798489424254,0.13185263818698287,0.18868482713099585,0.20894378537283412,0.5337060624536075,0.4564533909975559,2
BKR,0.0,0.22342604950291403,0.35675909114254056,0.512133977071857,0.186387148360627,0.4876169607857266,1
BLDR,0.11011877287249672,0.30565166582465186,0.4081591842956236,0.54509219372458,0.6357070732753844,0.45756673032202116,1
BLK,0.05591061231291242,0.09494594324221997,0.18520141539172894,0.33433216648031805,0.5556803863783046,0.5431181906056376,2
BMY,0.020899071471109976,0.14304988368566615,0.22007866855879252,0.3067875080860679,0.4393917375649176,0.3287276783686885,2
BR,0.10343665707217178,0.08794806439568184,0.17071565690739662,0.27971685175669825,0.7576847852291554,0.4050524428452534,0
BRK-B,0.039649640035517686,0.04217020958858983,0.1189687010241069,0.08526299826770337,0.5815071300506633,0.3650759814014232,0
BRO,0.08054001939786457,0.023941318647200893,0.1392151937561977,0.090912405898143,0.8185653500287,0.34967865794067865,0
BSX,0.09815044998724268,0.1317393857775138,0.2170519666013306,0.11595306009945777,0.7264935391355505,0.45470346594920796,0
BWA,0.04616591044167301,0.19250193099000154,0.2767574346460173,0.4264964661891574,0.4161582608788629,0.622991771913125,1
BX,0.12476623367357095,0.12275574726907354,0.24680893103052445,0.23647012099342593,0.817879722541544,0.47048714200641534,0
BXP,0.019531554663632628,0.05021538721215266,0.16867349359238418,0.11233191324667197,0.4591968278309962,0.27959034207231626,2
C,0.042984638538071995,0.1111365080235793,0.2044815779421181,0.33019312847190985,0.5442037168216989,0.607091914794503,2
CAG,0.005606356711025634,0.1953586029635664,0.2257492581664783,0.4530356521834684,0.33366245139079126,0.3543766016243323,2
CAH,0.013419502545206241,0.20242740246617394,0.267536643253356,0.4342969157512081,0.25121863242102893,0.3932444386963712,2
CAT,0.08258124595938587,0.17272555558309113,0.23334910302115683,0.2833653119336148,0.608214318527223,0.577158967753522,2
CB,0.03095754564091341,0.03427441201741088,0.14263635562088242,0.1461511468311571,0.5206617748146822,0.29483330567941435,2
CBOE,0.08582386759013291,0.08788978978260367,0.23230728630198086,0.2723298907686892,0.6898953126826539,0.13388481725879864,0
CBRE,0.08799325932922675,0.10882065269333177,0.2076608594514668,0.18541457199485986,0.718831467669657,0.5187770391181283,0
CCI,0.0831565996602103,0.057695161443476695,0.1795206271704722,0.03338079437390684,0.7571560249657558,0.149296471175193,0
CCL,0.04162655341341015,0.13047361325720172,0.1841956280542196,0.37278701841027995,0.3918391864922852,0.44284892242624346,2
CDNS,0.16621369422795076,0.1623796998052817,0.2200799576051458,0.15089061689442715,0.8346248683079145,0.6182022733059823,0
CDW,0.15882717368546725,0.13260902719284542,0.22445880557422918,0.14835030548158643,0.8893902514042584,0.47122263301817374,0
CE,0.06728496836388814,0.1213231510367925,0.21782051754991974,0.22547296280917548,0.6074745887830482,0.5376235623157786,2
CF,0.0812004235785358,0.26866161815476486,0.3697683399909176,0.24953693680022246,0.5432551141285529,0.5116816354895863,2
CFG,0.03630365480618228,0.15074367067500408,0.25854596547603526,0.36595451414649427,0.4558637580769095,0.5044413630706936,2
CHD,0.08305513593922412,0.08120127551247888,0.16880645658970597,0.12113918950181382,0.6618174534213184,0.14579183149926467,0
CHRW,0.042972810200529066,0.1206216467329039,0.2108612709074185,0.17442198762436648,0.43414017163207624,0.3402452400925059,2
CHTR,0.06981319413605158,0.16529250360585232,0.25975994810932446,0.30715687523852997,0.6172427542364243,0.32290760872446644,2
CI,0.06435343150067899,0.14661265374067908,0.2427149216917661,0.31310076276595555,0.5606961068186276,0.37878016660878566,2
CINF,0.06514541730989099,0.063764528084405,0.16285291449150718,0.06916887763290111,0.6294314313161511,0.30730145493308264,0
CL,0.023947124535114245,0.05000971753904479,0.1386766468858372,0.17474413914941753,0.42791781435841497,0.2441123551648574,2
CLX,0.04650686816298538,0.07790722074050546,0.16920627339303623,0.1641038299258318,0.5483961970837814,0.18713190239366656,0
CMA,0.04981404975839626,0.13824977484163967,0.2490490936708424,0.36581814959954817,0.41418400745092643,0.4928854272122858,2
CMCSA,0.042885214253816195,0.11463152582278072,0.2170982464192737,0.2290604850190461,0.5321180609501592,0.3716604100588405,2
CME,0.10086689344726646,0.05901080099752218,0.18264995704121542,0.07729178631106504,0.8017063914784432,0.1809676403616025,0
CMG,0.11634046727178732,0.26931558546814516,0.2865016664702391,0.4724720973239034,0.6721973446228954,0.2946049441557204,2
CMI,0.044309600744506045,0.10883706846324329,0.20671297779513106,0.2803949485957198,0.5362800440992276,0.5426074355399063,2
CMS,0.0670781413410077,0.012055971860015613,0.1347215812809247,0.10017034047900769,0.7553090189617695,0.0987797605029857,0
CNC,0.1319281775986312,0.21048144813571493,0.3051915481783938,0.38483459483251403,0.6713039749352565,0.45056406795274306,2
CNP,0.03974931137208246,0.04123906992307802,0.15990976675642007,0.12894489375307186,0.4990510278701274,0.19404243448674846,2
COF,0.024841390076936448,0.1201382235714887,0.20606941662786374,0.26907059995367044,0.4634110342148483,0.5295632083281668,2
COO,0.08829578850976588,0.11395426596208905,0.21367531758905048,0.10356925202479722,0.6880821030657127,0.3219135260619309,0
COP,0.06163975419907297,0.1718889442063353,0.25675352178121513,0.3135294600934492,0.5136983776495311,0.4460419918969636,2
COR,0.0306582158032446,0.17878389044985396,0.29261041806471133,0.26768260806777544,0.40264185636935296,0.3671736673256525,2
COST,0.0964782090098065,0.07230841468086252,0.1488557471896184,0.15429513347955562,0.7768144854792903,0.3052419596262939,0
CPB,0.006620496118097091,0.16271790362945074,0.2228982057887555,0.44133243176265746,0.3106123138264565,0.1865256911325094,2
CPRT,0.18834765796913153,0.13233267315573924,0.21156840444247652,0.27484346979383645,0.9669762265100594,0.3541140976933096,0
CPT,0.049368166594862456,0.030160528019899074,0.15803101008063022,0.09087219347254219,0.599254647378687,0.16730165113144485,0
CRL,0.09313507104725935,0.1486948677768162,0.2328164959796941,0.17292540360725198,0.6958993659150614,0.5469620103033249,0
CRM,0.12076521080316174,0.16141265156544968,0.24411896417616455,0.18650346067142817,0.7608834904844912,0.5154143852061673,0
CSCO,0.09788253631099311,0.1159900900724293,0.178381496917291,0.18276490923339409,0.6510881401348461,0.5242579423194555,0
CSGP,0.19160123238563884,0.13803322649787317,0.2696856813137163,0.2272112707521944,0.9618585208818313,0.4276223949955506,0
CSX,0.11696393625694448,0.1825491451136009,0.22819830864255272,0.15066955218110048,0.6935661992883041,0.4482385425662952,0
CTAS,0.1253050004767469,0.09404342540735075,0.1674505529861768,0.2132209707405077,0.85889612943267,0.41672319928489526,0
CTLT,0.10416800065940801,0.20912837457538294,0.2866601582230277,0.32913808711545134,0.6673427763189623,0.46568419573589087,0
CTRA,0.03327540785682134,0.20722506766041945,0.31158651649414404,0.4241039773669636,0.2860324841454445,0.3021800675254843,2
CTSH,0.050743537744682765,0.09634470130815928,0.1768419942510006,0.2730239463142311,0.4238848185250383,0.39516002789203775,2
CVS,0.00821774280665899,0.15380124658130798,0.23542069658602235,0.3146513077969014,0.3679172066524605,0.37199146053749915,2
CVX,0.019207548838181765,0.07332715315991833,0.15880406741009204,0.14818279370248735,0.4456125325599895,0.3554483518355883,2
CZR,0.19722562936500268,0.3379773569367135,0.4711155619681441,0.30634225590746844,0.7601134105008616,0.6212169849226237,1
D,0.024837246767255544,0.021118370620244353,0.13746028541009142,0.19464254056971544,0.5084811386359622,0.16329319840601197,2
DAL,0.03662914171476778,0.1443412503453598,0.2435714413269718,0.1875392377760979,0.4786712209909145,0.4337955068720348,2
DAY,0.11140073935548292,0.3311899701850235,0.469238865823709,0.22182257714633144,0.8246021945194799,0.5376130427583887,0
DD,0.03770972381748067,0.17511701197882493,0.23702882882148432,0.37532632341310035,0.2794033107243806,0.47684026901418924,2
DE,0.07742324659440616,0.15258948583247015,0.22206122543662563,0.163829184493852,0.6399931383929904,0.539060675154299,0
DFS,0.03494586195141278,0.10615015630598204,0.19521133942794225,0.2577267215645428,0.4734161791297572,0.5329153623407066,2
DG,0.11622050888663518,0.12809305806994145,0.20846406793820552,0.1111524696284184,0.7559125494412904,0.28664538701063913,0
DGX,0.02925232051754123,0.07739766553391195,0.16135749341638989,0.25095011909605147,0.47221261902220024,0.30870144371030006,2
DHI,0.10082236763111807,0.1624969815710858,0.27914467536252474,0.3271313729323104,0.684095529305241,0.267040631708098,0
DHR,0.09256981331858552,0.06364120375470586,0.14874748237151933,0.05408034048873686,0.8001983111239931,0.4084296604321659,0
DIS,0.047967706968093715,0.0800346664209006,0.15265023187095614,0.08075792240073909,0.5785368050128731,0.3405477653155068,0
DLR,0.04978962135722334,0.09981364988909561,0.2053986403478736,0.14303932256181834,0.5252839799278489,0.21661798515463804,2
DLTR,0.0520959426997728,0.197607676899366,0.25517783151034723,0.2666098471913979,0.45174623486860754,0.29243048047038633,2
DOV,0.09366546036169568,0.09758311900461128,0.19069888085802442,0.1904518843207019,0.7512266539986063,0.485423205021133,0
DPZ,0.08629137332189596,0.17276868878730958,0.27108742868888547,0.19297565718722884,0.6580203256469902,0.27000633848927796,0
DRI,0.085154888854928,0.12561593003901542,0.20207620250068484,0.11246769712583424,0.6346604563437916,0.2882303009420272,0
DTE,0.0481417558185874,0.007425101319437438,0.1304918969060734,0.09581642469093654,0.6588898253951465,0.1446245404151829,0
DUK,0.04098935133132561,0.0,0.12662729812951806,0.10900198250586293,0.5946570909060406,0.1365499884635618,0
DVA,0.02385065544680076,0.21788459922180012,0.25219288066873413,0.4305822387834145,0.43293720056616,0.39289275783832295,2
DVN,0.004760636453386147,0.30902798711287804,0.3896609114725804,0.5799329772605837,0.21233748861501756,0.6836313841207069,1
DXCM,0.2232848889782025,0.4794039036871569,0.44139079376065204,0.4567643522754914,0.7233840877069961,0.4594701802156538,1
EA,0.08254099792216485,0.2279386880117242,0.2995847908515695,0.47812912671615804,0.4938024446601772,0.49257102880659226,1
EBAY,0.05378047241683939,0.14463036566626356,0.21522293434945208,0.4033623302007595,0.4638084603750088,0.4264640027788037,2
ECL,0.07718154029808094,0.023368898821253203,0.13622785247750388,0.058835542698076504,0.7429622625486431,0.34282307432178794,0
ED,0.041804578754315674,0.011093307526725937,0.12991231323630648,0.11773766671038952,0.589998333506863,0.12823763893417056,0
EFX,0.028766925946440564,0.14430414716113574,0.19894579136876686,0.3315929619071435,0.47554930974190984,0.4349853266250065,2
EG,0.03697350067065752,0.0867368251771419,0.18502989330578926,0.1572068293127021,0.5381857062621861,0.22071572361951472,2
EIX,0.01851927999244815,0.17319447842837352,0.2153502195948627,0.3718433053513781,0.4360713218249447,0.19283726589370367,2
EL,0.15073281946982672,0.1329251234427372,0.19162129899951288,0.15478069854005208,0.8685540269728051,0.4369450797388156,0
ELV,0.11373575820087797,0.13218786947973513,0.23356485032067473,0.1934080870214954,0.7487582868248397,0.37128527644303444,0
EMN,0.04914647479659148,0.1250217126731283,0.21847767927190656,0.3887937842143291,0.40653870726749836,0.6247734908116358,1
EMR,0.04833091259337863,0.09787151058517887,0.18268438146082794,0.23341872638393488,0.5766392844073669,0.5420639535086459,2
ENPH,1.0,0.8650898045005542,1.0000000000000002,0.6333321017253736,0.9542819420570741,0.3813662484650496,1
EOG,0.030039232641920655,0.19794837466312273,0.2846438750709427,0.4876589628140051,0.30338573586901546,0.5370604488774222,1
EPAM,0.1920857775080416,0.17908921542555692,0.2681914253485318,0.2029336117717032,0.9050593500744715,0.5963982883577188,0
EQIX,0.07014133131764821,0.09545722852810837,0.21444781746545757,0.23968609715665565,0.6734039243689678,0.22826530847547943,0
EQR,0.051488804788478726,0.02158686370829721,0.15297631988855548,0.1407192452704867,0.6106417319203062,0.15276555191347252,0
EQT,0.005396676844897252,0.3682988357076755,0.4702481624096545,0.7895021786541855,0.059436661176174965,0.5727028598620086,1
ES,0.06757566100192877,0.012431305713579616,0.13699698913803343,0.10317676876553863,0.7603849500183725,0.10628025810458858,0
ESS,0.055788961606271864,0.04018445243809651,0.1697521001915468,0.1073467530416998,0.6093552395333353,0.18565937823627746,0
ETN,0.05127162837379931,0.08643931812197256,0.17947576939012935,0.20895839195050833,0.6009795770807519,0.5324328032117804,2
ETR,0.0820982346540228,0.021710013145098933,0.14691932331975233,0.09133226063531369,0.831051605226232,0.10841036055343789,0
ETSY,0.33497566290855185,0.4776627100977018,0.5043596752738676,0.4141190307899526,0.7233391246795174,0.7726324649220144,1
EVRG,0.031123601778245857,0.02027077722560175,0.1395342781427893,0.06488278150690757,0.5199071235344952,0.09313509924840557,0
EW,0.13619537879768287,0.17229839791870208,0.24072729457251382,0.13120743941589214,0.7627862023742142,0.46152323850408605,0
EXC,0.05577230838184108,0.022895547257828608,0.15660411988826353,0.07400140306581479,0.6295539699177908,0.16493489959424862,0
EXPD,0.05456294343675358,0.09564459711960024,0.19918212546135775,0.11495041744197515,0.6004928233112483,0.448805305750743,0
EXPE,0.042502068003604065,0.21597921535278033,0.23771436519213576,0.3554330043490639,0.38153626483424796,0.3769556359177998,2
EXR,0.07231657524560803,0.06381269814590906,0.190643901992167,0.0895378883736958,0.6352810072127231,0.09141945654592865,0
F,0.011845153565904237,0.13988204297857307,0.21611829409264047,0.3425176414204767,0.3053707020325282,0.46278516718762175,2
FANG,0.0362320440619312,0.28504571653324895,0.369884553507732,0.4396423216157924,0.36084577617004965,0.5775402232122048,1
FAST,0.07078111170400331,0.17075834159712214,0.25104228510044535,0.1579734581549376,0.603605293145842,0.5814935273752991,0
FCX,0.04491533880912607,0.36241764466159077,0.4276009194916559,0.5555872553818006,0.38461900227371326,0.7370581724574874,1
FDS,0.08274909138621137,0.09032502936352307,0.19049744450526132,0.1568161871844023,0.6621659655388179,0.43025373058511335,0
FDX,0.04711210295211174,0.16730377034409236,0.21551796488852928,0.46184486523554436,0.29547434412719686,0.5957833641711117,1
FE,0.07457261351145972,0.05083475665601325,0.17264338561709955,0.08562587485556736,0.7301481809504444,0.1649245823441544,0
FFIV,0.03806496548083291,0.1429569411682635,0.22417784235312802,0.3495656116802628,0.3507277126932963,0.49142597973450997,2
FI,0.10661860396830442,0.07160648555827709,0.16973813684276706,0.08704610516610153,0.840176799145167,0.43438413082498684,0
FICO,0.17761196102325308,0.1482802071183477,0.23765433726760757,0.23036839813065643,0.9176289508656847,0.49501399073037666,0
FIS,0.08287908109061098,0.047425561269385436,0.14850004350486717,0.050209378630928836,0.788382099450281,0.3586883627176325,0
FITB,0.031192852276614835,0.1320781915853527,0.2385780508409728,0.2947612987123662,0.46627146534107794,0.4649643224710063,2
FLT,0.10277361971725041,0.15064097591155304,0.2343285576909717,0.16541482768502672,0.6970203544177812,0.4190684187951666,0
FMC,0.10214580297142956,0.15932699516291546,0.23349865900339264,0.22605231935582734,0.7066209705663772,0.48432010526602615,0
FRT,0.008233015779546493,0.05040356183434819,0.1728994315790785,0.1684866191154025,0.3314172701293896,0.2071732383872336,2
FSLR,0.11752247425326981,0.34396973891332105,0.4257495471284407,0.5108198334935025,0.5509193108371025,0.5888891170257632,1
FTNT,0.2090243732134158,0.22854227375579098,0.29258712309094925,0.23580179126649262,0.8758056720639158,0.4905097397255671,0
FTV,0.06478861058989507,0.08354983868097168,0.17711979411436635,0.22081636873030122,0.5813771197810824,0.4978125776338351,2
GD,0.034398320073066896,0.07531363058951868,0.16709729293097833,0.30143847790783307,0.40919466765520374,0.3943616086785129,2
GE,0.0004889213189024355,0.2745015329060072,0.3156469828004348,0.8006784457998639,0.08832519183467946,0.6016721608994231,1
GEN,0.04335897849393286,0.29038933216039087,0.2672701871086446,0.45191108232537114,0.4294389500832255,0.5264807820481222,1
GILD,0.024123759972209058,0.125159881152922,0.22533929879817996,0.24331566380152866,0.3472947398847474,0.39356616867722866,2
GIS,0.0031533951054200093,0.09603583605069696,0.18808609482129582,0.338639849022647,0.32445152443550557,0.1993606532868862,2
GL,0.047251599080229995,0.03687499317580767,0.13847768826924756,0.17625856977640456,0.620376560754103,0.4038325869456698,0
GLW,0.05365235907635191,0.15047958119784385,0.19585729851407632,0.17376879856627533,0.49463691074590777,0.5508277612676392,2
GM,0.0368685036989414,0.16196678566588993,0.23118097028397258,0.26654588335063956,0.43934818471193615,0.4838181503491188,2
GNRC,0.12558850927479268,0.17601185689246332,0.273123686662763,0.17041576314192805,0.7590750451679202,0.46220205348798654,0
GOOG,0.07058895713759672,0.12236196503302263,0.1811196127680009,0.16609961870328496,0.6475579709651327,0.5270007826332133,0
GOOGL,0.06667022531849903,0.1201852396709838,0.1855998563395543,0.17041621523339132,0.6354193276672675,0.523134464519912,0
GPC,0.02944623955052944,0.0713096231713598,0.16556018012802823,0.1683817771972271,0.46729744432032705,0.3792687504313094,2
GPN,0.14055631147678652,0.11674328759275468,0.20806706000180222,0.19865434312136362,0.8712152407292122,0.46122524422994543,0
GRMN,0.1088059900735052,0.10325582049297602,0.17411253850601002,0.07059497800095141,0.7932442305036485,0.35922507686516036,0
GS,0.015849162320593302,0.12267478922366068,0.2059719452020625,0.38910283816791835,0.3660450167088209,0.5176900491670937,2
GWW,0.06169390712449627,0.21396501544318683,0.26722171317029075,0.3473379257098981,0.5483201114560651,0.480232989821495,2
HAL,0.005223850484993353,0.21907448682258898,0.31545832496669346,0.6989357900025192,0.08758902638774996,0.6106178151853774,1
HAS,0.06574588972009884,0.2035166664910715,0.22410184868574565,0.24981131862856062,0.5173058689324228,0.5211161432450772,2
HBAN,0.029029546734460288,0.11777849030569673,0.23638989714911327,0.24414329277523564,0.4718240693597259,0.4652398364458652,2
HCA,0.09656814834565033,0.1386901647147806,0.22848125894791174,0.16820191376055563,0.7146218094323313,0.3910770135878912,0
HD,0.08401518652462767,0.06154289733253457,0.1576223367365239,0.19611222694397348,0.7204901527095181,0.36941214699569885,0
HES,0.023930446566029884,0.28378308888245196,0.36829974466431414,0.4908898125594434,0.44090185288394346,0.5979970103118991,1
HIG,0.039061832706304644,0.04523268849534057,0.15492195149172108,0.24129819056515503,0.5635490487863813,0.319846091366232,2
HII,0.04505026456015224,0.14133611545126532,0.2283020089594929,0.29150342146148933,0.5480621401080905,0.4076320827824194,2
HLT,0.09608696811701209,0.09740973287110402,0.1918801573590946,0.2101067618832275,0.7529773294050204,0.42433176974649484,0
HOLX,0.03396821244970136,0.10217947110304401,0.20946294170080207,0.16316559747085305,0.5035511046761546,0.3876266676457704,2
HON,0.07018275618522982,0.03271910779089493,0.12769643511539652,0.15604285628736622,0.7483987135399615,0.45291075328778374,0
HPE,0.04613112323271429,0.1887552655610348,0.255909159639806,0.30707738491775594,0.470317766144832,0.5738635708541152,2
HPQ,0.08101768399580142,0.16956626227883428,0.22635676410375347,0.3327987113639024,0.5544917636051763,0.526974695128775,2
HRL,0.03817799696574742,0.07175896812101762,0.18003434296058698,0.12056168326110803,0.5360887012395719,0.20113369997622702,0
HSIC,0.020586153928040973,0.1282460680881005,0.23459759885384948,0.2704554611953893,0.4079043432694607,0.3031048111607172,2
HST,0.023912705050338517,0.09525394647743426,0.21633844826090212,0.21205223146724675,0.40466101001379096,0.3844212154113921,2
HSY,0.06393198963664776,0.043855498578477314,0.15062154422268886,0.1531549905467042,0.6402492415320479,0.10728091929440026,0
HUBB,0.03715228935192946,0.11160045394857557,0.2060572808993543,0.26620173753510823,0.5297045820327579,0.4872264229503813,2
HUM,0.08559251292181794,0.12846733176282085,0.23803874613745793,0.293286447430004,0.6870688915216601,0.33879952919518613,0
HWM,0.06734576835186248,0.26591433437789946,0.3010633549962317,0.4460629556998482,0.5671646790952908,0.5081257975800656,1
IBM,0.010538550305471822,0.08980608768444523,0.1361028209559669,0.32074123815908573,0.30708108310624765,0.4533405539047919,2
ICE,0.07140351162127329,0.0510958691555059,0.1564614212535891,0.052123467265998535,0.7348875626033621,0.24775457039510146,0
IDXX,0.128022746877869,0.16682594225680833,0.2564951453639406,0.25613158500990696,0.7348670974617783,0.4777357776835059,0
IEX,0.09019195718364989,0.07636601989449784,0.17462829968629096,0.17834938006879644,0.771916241871655,0.4732119838802007,0
IFF,0.03683129311757641,0.13375177730385648,0.18911088651243876,0.24590835496971888,0.43551678113669523,0.31945060999675967,2
ILMN,0.15757136367368205,0.2556759224462051,0.2835794536741527,0.24084487523888906,0.7032408126208638,0.5179046441591744,0
INCY,0.04871057507156962,0.31123413180739934,0.3968831468622308,0.6161184132062606,0.30568687141515305,0.4397805098334456,1
INTC,0.07541942896717399,0.17020949737868066,0.220565486092457,0.19672307847061202,0.6257014395688868,0.5229849704655194,0
INTU,0.138753287366601,0.1288235762774443,0.2062970118367902,0.14042041267232064,0.801256733720143,0.5033282699139513,0
INVH,0.060801799590033095,0.04025088600655488,0.18034789561163958,0.11295004912091433,0.6892772256270142,0.1758443835386876,0
IP,0.02711684087100552,0.13795350836560208,0.22326007344036455,0.3650273426662266,0.3369771528748328,0.5103016515620271,2
IPG,0.012205727747467532,0.14849052762180656,0.22938596711719086,0.21452008596616032,0.4048612215395867,0.3616193863233786,2
IQV,0.10014640379832823,0.11353965820543147,0.22378803328133365,0.12115415875283755,0.7332295132298831,0.4665017983833446,0
IR,0.07160239740422764,0.26582891524966046,0.3678611295216462,0.46187483430116505,0.6025650717802518,0.4932391120124944,1
IRM,0.03179605415974926,0.1042793644201149,0.20017894079547796,0.17627972421378588,0.4317377501388937,0.20519641372219521,2
ISRG,0.151734934738504,0.17614379606733202,0.24182713092639194,0.1812561428172109,0.8179179330779919,0.5581029046352941,0
IT,0.06830555504261343,0.127694334285998,0.19030885020124952,0.20121138524183682,0.5927342965071334,0.4286964179053608,0
ITW,0.05780257899375835,0.09639070996065943,0.17953898351930672,0.274290582705772,0.6162582861357901,0.541669895354938,2
IVZ,0.029277215815851798,0.1571323993410733,0.25903250940656586,0.5636800374275569,0.17810557047844558,0.573498991567322,1
J,0.0691005483905556,0.14044237135575252,0.22379156894545035,0.2674478146546847,0.5977688896644621,0.4305208332057089,2
JBHT,0.0374391647668369,0.12233948774379602,0.24543830641432327,0.3000457746218822,0.47639845348174203,0.443112802266788,2
JBL,0.08194317723706457,0.1810165014663669,0.24032773681506595,0.2548113838084082,0.6226969376240887,0.5789623053081328,2
JCI,0.01382001511201325,0.10409002029316325,0.20631021548610393,0.27808610368776066,0.3823766418202649,0.33951841364198787,2
JKHY,0.08163321400309839,0.03789046794034878,0.15828574210539317,0.19440328849107127,0.7350214135089157,0.35235380961378615,0
JNJ,0.03736003384362804,0.04531326269926267,0.13349611574280731,0.11081194444327372,0.5630622153012506,0.24883191117662445,0
JNPR,0.01181119143121323,0.1280822499563037,0.20395200244869557,0.179426836943085,0.3187374952193623,0.45072887244495147,2
JPM,0.07108112076278741,0.07162745797930706,0.16475498344754186,0.15160235032245437,0.696111853905125,0.4472941261630665,0
K,0.00852051390611483,0.09557316207878105,0.1806478245332047,0.23650619237383383,0.37467338496724223,0.21956086030690405,2
KDP,0.11282003002028865,0.13052361531252524,0.1539698754599883,0.05633743896721116,0.7363201675915854,0.30336970997600987,0
KEY,0.025363173938588446,0.1465054756628605,0.245346593570718,0.3186081241804172,0.4520371040228056,0.4859411592565477,2
KEYS,0.16578761109286624,0.19152507497064705,0.24127396436512802,0.16609298799641145,0.8060152085758413,0.7082528885052558,0
KHC,0.011286106650075872,0.1935186276172786,0.20581336663375607,0.7295530105752833,0.0,0.2001870377917785,2
KIM,0.0033171466906726788,0.13871581099939137,0.2532902603776819,0.4241693992532518,0.3357371256512891,0.23572074040138644,2
KLAC,0.12904937586252072,0.22649102471340357,0.2870849326667848,0.2727902425274562,0.7184734331272336,0.6470930327177592,0
KMB,0.036293140246402594,0.07782899895621928,0.1704736923014718,0.18451082239692515,0.5212455575799999,0.21512026695256306,2
KMI,0.01095983899055572,0.08080035738481559,0.19932068225301605,0.290930200608871,0.41576423897621567,0.34213268154420884,2
KMX,0.05352178597420301,0.16354806048862,0.2600810730959402,0.24372361765803055,0.5040385511767538,0.37485389855857065,2
KO,0.04585994105924324,0.00637341421077256,0.10163692817501355,0.05660048566586878,0.6602040377180574,0.21897396747066783,0
KR,0.004165162568609132,0.22859724332573136,0.27616062509290284,0.3885956232344029,0.34178409629798884,0.2643861726454615,2
L,0.021454653544938113,0.040019740009609645,0.12768042252269637,0.13105538583259316,0.443173275449131,0.40263596541464586,2
LDOS,0.09799092938789719,0.10316927792426325,0.192350042720168,0.2366389543734703,0.7637953229537923,0.3878982323543031,0
LEN,0.06781052705658994,0.1679042993426664,0.281681535990006,0.4434336894066837,0.5046210592219437,0.258984171372713,2
LH,0.04646717621839358,0.08317401819785838,0.18869761647814573,0.3195821786891132,0.5130142711895748,0.3464017219526328,2
LHX,0.10721813401402042,0.11665209284451525,0.19225825519210196,0.20438897192370617,0.7674276052023334,0.2163578990859725,0
LIN,0.08742327689324411,0.07975082499948397,0.15488153759424345,0.058283951585353155,0.7363781655776018,0.3501365030398842,0
LKQ,0.04029007558470854,0.15286459207999228,0.2271197199433784,0.44864939581604657,0.4306123177369219,0.43091428828899697,2
LLY,0.08488618586542246,0.0767405370899073,0.18210118311557882,0.10793880824165472,0.7502056367781373,0.2904648777429782,0
LMT,0.07260335341679869,0.05818953381665287,0.1582428752330649,0.25103723436322045,0.7295778749462685,0.29182034258697787,0
LNT,0.057550668573470215,0.015504848836878304,0.14331163213567955,0.09694810986397195,0.7075205114834355,0.11843490877762564,0
LOW,0.07564298349634035,0.15445789058204504,0.2076965066920393,0.20146847862349096,0.6387771847910999,0.4447466193961642,0
LRCX,0.16093764052593892,0.27643846672162986,0.31934237808954424,0.42237021483214454,0.7473141237702345,0.6733046103704107,1
LULU,0.196840512163691,0.2818775631031254,0.2972174691112499,0.264236197438816,0.8060595058704212,0.4551124425809912,0
LUV,0.03427544084990322,0.1462485204244238,0.24295361136844182,0.2739652165789206,0.42266347395638726,0.4154371312458148,2
LVS,0.05940015872319848,0.17285079356086183,0.24226903731300584,0.3433131391236316,0.5515653292702851,0.6021843836969132,2
LW,0.13760644210454817,0.10179052540208192,0.21687563959101872,0.23387378204631268,0.8915822856970985,0.13373131024209084,0
LYB,0.04522264568166015,0.14862977118219453,0.23925121506593058,0.35770839018773104,0.45236510773682403,0.5512631597750515,2
LYV,0.1437153896327,0.1773213517750407,0.2513485742136061,0.18501170912804346,0.7906070900883815,0.43358360199583396,0
MA,0.1607988861189882,0.1079212470536701,0.18068423751925436,0.15247225210616114,0.9417908973119009,0.5140386721615713,0
MAA,0.05764678439785234,0.03636278405159879,0.16180984777715765,0.1392241493214604,0.6470372152146413,0.1637014997577249,0
MAR,0.08653821535358189,0.10956396471566451,0.1963686269280194,0.2580867708074547,0.7036798388976646,0.4926786450773356,0
MAS,0.05415174305404627,0.1334446689901723,0.21547299004557383,0.3653046901235484,0.5806542778889592,0.4652926088823851,2
MCD,0.08972364341884861,0.03830781227644489,0.12273179548939839,0.08824141357530702,0.7775767817591401,0.2086624678929838,0
MCHP,0.07364438088499486,0.2194883708726316,0.275071996184151,0.3683728704827839,0.5925365446673928,0.7176526992256256,1
MCK,0.02177846153389701,0.1658140249908502,0.27065746082687947,0.3415648335392538,0.3499832034123878,0.3637430478474078,2
MCO,0.13901509934298542,0.08911948048946614,0.17937969122957764,0.2525074563433418,0.9188967824293504,0.4870008793683677,0
MDLZ,0.03366138684387937,0.044441617431591335,0.15258267426926242,0.11632377050132958,0.5304016888989931,0.26636354422594744,0
MDT,0.06917330852745063,0.048214000866695944,0.15006766797622578,0.09188495035436955,0.7249882886283895,0.2708645030046355,0
MET,0.01925318693581468,0.10395859519684661,0.19482187791664754,0.22760915365207676,0.4484172135376002,0.4837269467336895,2
META,0.08088425996632248,0.19637068517773812,0.23428771258264744,0.3981606770485673,0.6150241679577815,0.5177959092402661,2
MGM,0.03152741766365513,0.20445715669464545,0.2848257283352099,0.3827754441728033,0.4445229315694244,0.5483462861964807,1
MHK,0.041303723551780386,0.21710258329392443,0.23022090294178424,0.6107805487038966,0.21134425973321055,0.43674692062609605,1
MKC,0.08700487683013888,0.07568795976034565,0.16955248233407785,0.15306361043292435,0.7561744473405225,0.1369531399548316,0
MKTX,0.15536428594926235,0.1633090642104347,0.2815442749996665,0.17742064592607407,0.8019410210877038,0.25815745594341744,0
MLM,0.02925827472792339,0.15433702726109735,0.2766149112195586,0.31336246348814123,0.47851413227263084,0.23174155609489,2
MMC,0.07161354497987465,0.029749720845138272,0.12582167923707704,0.07539674294184337,0.7700614099906682,0.37530480494499635,0
MMM,0.048225982373423015,0.09847023793748391,0.15618305881681824,0.3483694919974668,0.4086289224997025,0.4843772179443281,2
MNST,0.05063996035298851,0.1608915096720556,0.2238017545659811,0.25209462800536964,0.5198892710475229,0.4002673064836172,2
MO,0.017716651946696166,0.10675366352571372,0.19691179368026715,0.38420608659910616,0.2764475585876499,0.2890668297158465,2
MOH,0.15846461495668732,0.31836936461998966,0.3695338030379023,0.2564384092401233,0.6725967924127763,0.45256132713232555,0
MOS,0.029406292940240247,0.25761872533874874,0.34841425461511333,0.5043194016408828,0.2704794135297484,0.6142427834864264,1
MPC,0.06806049922975427,0.1943046996268842,0.2994514855102396,0.44504010573862673,0.45175363912214894,0.6026170806782117,1
MPWR,0.11156947711957282,0.21785758220134618,0.3117797858397051,0.2591616832489041,0.6813241842346431,0.6833935483863378,1
MRK,0.06456674433337722,0.05733970123221907,0.1556698461235122,0.11017971634238496,0.6889989159098773,0.2920010019490072,0
MRNA,0.05159026168297837,0.613404552792656,0.8275392147539234,0.5585980409234369,0.44041178984960644,0.5583214375227366,1
MRO,0.03840293097568537,0.3247882996129514,0.4033665143482248,0.5169626088332695,0.3256468957829045,0.6158269038809983,1
MS,0.04031273166667576,0.13281467530932403,0.22596501228819235,0.31784707841462123,0.4867322459693638,0.552514145467517,2
MSCI,0.19791489574696622,0.13368725157128777,0.22933233828236074,0.19574512156788879,0.9806108329524486,0.5702485544418284,0
MSFT,0.1454631997894714,0.10340720261939593,0.17312371030542972,0.11017283608573755,0.905173499487971,0.5234303247808929,0
MSI,0.1136448652508821,0.0974876041583693,0.1840884962828969,0.10977084041403512,0.7729861950022915,0.34659724175658246,0
MTB,0.02918447773612512,0.08934618663390106,0.1994537981591092,0.24609145587263112,0.4414485290546119,0.4090267030289411,2
MTCH,0.3088213894525047,0.4043197058347804,0.4772751951573766,0.3592242686412539,0.8348365769891641,0.34545752812616415,0
MTD,0.09752432454243085,0.11288878550277767,0.20717991821290851,0.20437038940135308,0.6969738667338439,0.5375846718712713,0
MU,0.1502048205216487,0.37905319395358794,0.41861428345889296,0.5227043869378595,0.6443412698450343,0.8332435017269899,1
NCLH,0.04243886218794074,0.15962129764872543,0.2608492129830995,0.30650608626005416,0.5055352165007784,0.45673991109111706,2
NDAQ,0.069042488758665,0.04912924822873374,0.16123594570883523,0.12937896544865676,0.7271037161334108,0.34855032615266596,0
NDSN,0.05117789537700049,0.1400585446223729,0.23654827363921246,0.2035657003793386,0.5608769281531142,0.533135191646485,2
NEE,0.10887171175995994,0.010637625870370593,0.13467599951951184,0.0,1.0,0.10049992303516653,0
NEM,0.03508992065433292,0.14903956047754904,0.25639763764246515,0.23669529730323288,0.49836158635139843,0.0,2
NFLX,0.1839788997984201,0.29917945039508986,0.36240312430538435,0.41232507223594705,0.6922122118096636,0.6038860197463515,1
NI,0.048902350231288,0.051929712764393926,0.15991022540313926,0.10388226434771583,0.557822924701451,0.19345084338367305,0
NKE,0.09517281053146967,0.1355859646494457,0.1843932461155259,0.14046392075804787,0.7160830307852553,0.4682630497292216,0
NOC,0.06693075607054022,0.1025873028388258,0.19186103250643324,0.32158083717816643,0.6458964151483818,0.2966196334318021,0
NOW,0.22681529564284444,0.2509124514586154,0.3351600981800148,0.214918284119859,0.867689919265602,0.6324435398101113,0
NRG,0.2012579378855163,0.2264764186492291,0.2926193027799058,0.16685699440647386,0.8142701943771891,0.2984519828876949,0
NSC,0.09444633015530254,0.12837831997078616,0.21520713438879976,0.18636230551261249,0.7028277168157535,0.46549866762893255,0
NTAP,0.13423131315796352,0.23966915171561007,0.27072887646947974,0.45541517075528426,0.6124624699174035,0.6439770685280508,1
NTRS,0.03138753836507491,0.10982687293003482,0.21011931841923,0.24709221463783684,0.4841499032473795,0.5225865795106546,2
NUE,0.0217219339448442,0.1609551035209613,0.26249892299649735,0.25717898902593694,0.36433204299250216,0.5366905996260735,2
NVDA,0.1554149269068593,0.3817253332635959,0.3960586618889087,0.5504339780651037,0.6351857992167702,0.8822181500298995,1
NVR,0.12016947331837799,0.17622205326598042,0.30841739357030173,0.40101375942296114,0.7341941541511052,0.1655341823353132,0
NWS,0.047498216788392916,0.12399425689427315,0.23347966309854037,0.3184388601025755,0.4930000613755827,0.43566211610873706,2
NWSA,0.04910119304317814,0.13008940834796232,0.2338525326353356,0.31693076333806613,0.49276531845801974,0.4387561624722512,2
NXPI,0.03515623806797177,0.21661628754363085,0.20756373816493753,0.4314985828589373,0.48746766555423937,0.6807342054204786,1
O,0.05926737701807808,0.05182913594766772,0.16395170343162283,0.1481328862596555,0.611425586788233,0.14306308566847203,0
ODFL,0.11414713722818454,0.1519548839079198,0.2785782898500486,0.2605845941808478,0.7415915838456797,0.48445723551526665,0
OKE,0.051263400143119225,0.1058354170337242,0.21494099368492423,0.212730548870972,0.5909408262691946,0.38289115763742254,2
OMC,0.008610821207887948,0.08706085393046911,0.18218127830322914,0.17104386769325594,0.3782581231392414,0.3357087798928479,2
ON,0.1011800091040217,0.30369089586820464,0.37285418249063607,0.4271171685995905,0.6025860645644222,0.8536391095942961,1
ORCL,0.060038038803806704,0.09797091001505961,0.16012819078364757,0.11714896542773487,0.5733005947844771,0.45250752269774586,0
ORLY,0.05861706509618542,0.17671711084935796,0.25435457800484584,0.3506571300988027,0.5670284860651805,0.2759046596541926,2
OXY,0.028473412369773604,0.14376229737712962,0.2310194139096223,0.5164712483395617,0.19869205733451445,0.4033945537523256,2
PANW,0.09289611286203586,0.24294141143172562,0.2900980447291197,0.26080277551178055,0.6114946034240828,0.35955425639862226,2
PARA,0.00904915011718227,0.15172871837296573,0.2666030470414562,0.4454439443314743,0.17821779910132685,0.47963612074106243,2
PAYC,0.3300854878259385,0.28938824689752973,0.3631663607870417,0.26709359764471285,0.9720332211209952,0.5936030646133931,0
PAYX,0.054660977689537094,0.044700259523777625,0.1584290302814492,0.10018734175588315,0.6499523523699537,0.3950687217063442,0
PCAR,0.040815837616251543,0.11574740946697634,0.21732578238498398,0.24219598554821234,0.5306949064058284,0.4920634698379892,2
PCG,0.021286875838542135,1.0,0.5701631090517594,1.0,0.2659757284390921,0.3236972556640101,1
PEAK,0.04703858056486812,0.08284292071659413,0.20246813814226985,0.2748500067856543,0.5361590022223612,0.10859913453492714,2
PEG,0.05890282838810901,0.017966022817244492,0.14484949958542334,0.02860708377757676,0.6737304361985748,0.16639796345573377,0
PEP,0.04538531525490391,0.011461673001886913,0.119278224088683,0.13594455522039,0.6370096950030322,0.24784949614872512,0
PFE,0.050173132911587065,0.04459730412650023,0.15264731873265888,0.17646049376751685,0.5462577164951542,0.31903508070174885,2
PFG,0.03248675116486208,0.12231694300658949,0.2135430418493621,0.4000479643258106,0.3863705306927478,0.5616673236812915,2
PG,0.06229581416923388,0.03050790156742067,0.114674853828382,0.16580128423922916,0.7026274685192844,0.24593289673171273,0
PGR,0.1358344438530885,0.08931880664919398,0.16924688269968569,0.15772067305441498,0.836606988061324,0.37804557052845733,0
PH,0.054124731747715066,0.1332810208217375,0.21565341439736466,0.27007257513032645,0.5774110763142544,0.6247927483100078,2
PHM,0.11552749095540168,0.14859797674776867,0.2738771078072987,0.36416355265448264,0.7403339033110286,0.24413005510434677,0
PKG,0.054934593724157765,0.12678607661956534,0.22211847778210733,0.3424482895207659,0.5337522214096828,0.4346169810457531,2
PLD,0.08374449972204154,0.06608482683625116,0.17656267943770987,0.10642622620595002,0.7474275446940759,0.2842829204470351,0
PM,0.036396436792235975,0.11785882842223824,0.18868686143308525,0.383811120370267,0.4051532603202934,0.2897802069407911,2
PNC,0.04713289200846424,0.08405043005224369,0.19236691865351355,0.26053551881705217,0.5807978004234987,0.424485527779601,2
PNR,0.03178072365051407,0.10921997599961955,0.19313355067513807,0.22819181324710056,0.48416509070261116,0.5571245223633899,2
PNW,0.0390483587445665,0.020922727392324397,0.14340792809957836,0.11305610817060227,0.5384802110810949,0.1355211765482709,0
PODD,0.27999303905169015,0.31388641358503766,0.40256546027677054,0.2822531792399391,0.8674039831653542,0.4086973070130294,0
POOL,0.10387640202933279,0.1052963414396765,0.2400288799748396,0.14375809067957798,0.7760680301220271,0.3258529165313521,0
PPG,0.04721627459365618,0.08599693148844781,0.1686293045962459,0.13933083103365634,0.5701679761053582,0.41385667037852947,0
PPL,0.02489732701652289,0.04666817944742613,0.1557995772182494,0.2919808263213334,0.4860023803200924,0.2179441751682994,2
PRU,0.02450052584766088,0.11873550972089533,0.19500030389232584,0.3262833964331774,0.3588993404235976,0.5745417063690955,2
PSA,0.030742536636565287,0.0493449949640794,0.17104408279792815,0.14802188891022514,0.39894050301690087,0.0724738279150261,2
PSX,0.05025637361315402,0.09927121277631015,0.20196061810042662,0.30981210181857965,0.540476640865893,0.4505327214361045,2
PTC,0.11394196099643211,0.22395151954659223,0.27932923112542696,0.37469306532620084,0.5646015069828539,0.6101175834715079,1
PWR,0.026721596753704807,0.13399138763714633,0.23687456071481103,0.2464268922128475,0.4463751616420028,0.49373000928519073,2
PXD,0.014864061607965579,0.24164110116552737,0.3213514562386246,0.4130429739809788,0.3121591766838261,0.5846526779534647,1
PYPL,0.1662563518454215,0.17895532668659533,0.2506965504390035,0.13464587770509379,0.803399058830871,0.5283615604624587,0
QCOM,0.05828956120035883,0.24444993559144443,0.2511502192440571,0.28797601729738853,0.525866524109429,0.5048611623084002,2
QRVO,0.11035416693539396,0.2787178578031019,0.32524959562467537,0.31238566201897333,0.6394456537533431,0.6333168372379494,1
RCL,0.06859360679136409,0.16009498294147964,0.24690031523528713,0.2727107928208261,0.6127174413164251,0.48864766045123326,2
REG,0.012307744328227677,0.06381010807409451,0.19539539669729297,0.1426533315127764,0.35932991208623016,0.20875801872771352,2
REGN,0.03895801863526757,0.21006056510542556,0.33868115342344907,0.45757739163129973,0.3647377012572815,0.4657124992448873,1
RF,0.04303625633677455,0.14616166683553553,0.2615894406996786,0.3192373199309748,0.48022159554491384,0.5210999319945703,2
RHI,0.06266323043549121,0.16268219863808644,0.22163798963053835,0.2829610903230606,0.5061409358749496,0.5390071899947165,2
RJF,0.047654647778399534,0.12757661747195545,0.2195129224235469,0.2591745110736817,0.5114907402092563,0.5389300151838956,2
RL,0.06034913520347282,0.23949809410407932,0.306386010736877,0.36248527419801013,0.5031481884174279,0.5309507942508236,1
RMD,0.1411555696162101,0.16380601514656143,0.1819989099015588,0.15760378128095334,0.8078596196305461,0.35290524387406214,0
ROK,0.05664576491425688,0.14468299089018163,0.21390306080324076,0.2520814603181205,0.579454770266129,0.5525550926908247,2
ROL,0.09340922574478716,0.09546575595315229,0.1784795334068797,0.21804381501055323,0.608162528814751,0.34070666911589564,0
ROP,0.10134052649436348,0.0722404344271323,0.16902286386179058,0.1377413209350051,0.7882638413918097,0.42492034934559614,0
ROST,0.07878395124480889,0.13083258703276404,0.22022902721995666,0.2001471686158056,0.670429146189589,0.4358052640720247,0
RSG,0.06575153321224739,0.0015098506786293264,0.10339296962177327,0.021256187562825185,0.8027354678007601,0.21924800798793523,0
RTX,0.047699931151838626,0.0720129392826099,0.15897641212032304,0.22110762863084013,0.601682266875504,0.4924867371615189,2
RVTY,0.08618600331419074,0.11790391487819837,0.19399808614083716,0.20131537000572106,0.6867221087454314,0.5440664454768867,0
SBAC,0.1345532910399125,0.08450224225041922,0.21642104128567954,0.08505157295767085,0.8504234158120489,0.17482276922641668,0
SBUX,0.08282505186719927,0.08326993255974088,0.16180685299754097,0.16894594722584474,0.6760774399161402,0.33629822024167133,0
SCHW,0.04936803151665678,0.16789270126703762,0.24560187003279946,0.3644311507257084,0.4550603254937174,0.5460406193415301,2
SHW,0.10978864379849795,0.09021938300830187,0.1863636451309518,0.17072196702995687,0.7936496500664958,0.3638396598491733,0
SJM,0.011506708949624245,0.11188752470753646,0.20347299086079015,0.26002336877812415,0.283774482695746,0.16016185935402522,2
SLB,0.003779640171471893,0.16654382785066665,0.2605543814130812,0.6090839556468286,0.09081159057696753,0.6014700704877964,1
SNA,0.014799531224543139,0.12288404480594087,0.2023331350706907,0.21638020610054767,0.38480654868924724,0.4812978754126443,2
SNPS,0.12750356829281526,0.10847020274150235,0.19276543060471343,0.16487368561813068,0.8344330639928166,0.5752067183312204,0
SO,0.04973579281504226,0.020458091454234717,0.13436594040250494,0.10392268140144531,0.6551086143521441,0.1186310027438931,0
SPG,0.015236388566421205,0.07598291746926164,0.20253808731449344,0.14034507069068322,0.303904791857776,0.24642842407820373,2
SPGI,0.1410195663055824,0.07606715609948392,0.17108385013526597,0.19575680505351004,0.952280892280438,0.42370337987007545,0
SRE,0.061848380914066636,0.05419799258235325,0.1542075651155983,0.0876528460032504,0.6688550537285061,0.1808027549273795,0
STE,0.11965077200664656,0.06304265528564537,0.17411028795292954,0.09879960666785959,0.8923069403804362,0.34431587421570753,0
STLD,0.044860200906221503,0.23982174606103288,0.3563270408217646,0.479974327071675,0.37277504311917103,0.5990487987232433,1
STT,0.04463760394948871,0.1470351577032972,0.22355066770009976,0.5389166815557557,0.402784859385376,0.48519160151274193,1
STX,0.07569515604458688,0.28288062039683826,0.33562650982833153,0.3566735343056837,0.5752478774102027,0.5956928584066354,1
STZ,0.05248292909104246,0.12120132059152552,0.1877912331604039,0.3040317704254739,0.4895699559965847,0.30992739186245233,2
SWK,0.05359370401969876,0.1583494001602502,0.21210974535734387,0.3349805710866539,0.5642328612529891,0.710185642561351,1
SWKS,0.06782654016863063,0.23662265444280964,0.2873257328370856,0.4431642518212451,0.5678142684157916,0.6600296242157382,1
SYF,0.011301656368002122,0.16885091791662252,0.24239552354450897,0.4055686405109348,0.3838119826315717,0.4863938568217653,2
SYK,0.08513890464881749,0.08104390145001486,0.1617793366086378,0.11804831697226315,0.716769761308786,0.4084356994394906,0
SYY,0.06483735881052527,0.05554872943123526,0.13773329262376072,0.13657257893828284,0.6908145783772504,0.23015165209206354,0
T,0.015960290751861478,0.0774980964616365,0.15454702762611006,0.2144739777770364,0.4342098253298429,0.27076380549910006,2
TAP,0.0044381041915915465,0.143416750226139,0.20968437984413899,0.4548805231551418,0.11311990022398125,0.32062010926040496,2
TDG,0.15220865528066382,0.149601429104841,0.23269202433112032,0.10738287345607345,0.8562728616183997,0.4721919885612348,0
TDY,0.1588759930956505,0.10411023062887584,0.2134348885694448,0.16368369771712074,0.9491464155378353,0.3947669429534252,0
TECH,0.10965414552513839,0.12238387650967067,0.25190737976953004,0.3036579980009103,0.7638052047203332,0.5077873327996133,0
TEL,0.05573935946013284,0.09037660493205799,0.17460593119847748,0.2715819921563356,0.5817937006882951,0.5035718162017847,2
TER,0.15271861326261602,0.26838485369286913,0.295412808995152,0.3825570609182054,0.7346633828623259,0.6303517821148397,1
TFC,0.03289401562602659,0.08102013618232293,0.18755521612072254,0.1849044814272631,0.520695060476301,0.42730176685057425,2
TFX,0.12478943290567682,0.1361057538112956,0.23836509819652577,0.13641797758142257,0.7978365457656222,0.3798755847476664,0
TGT,0.0901675249011325,0.2169889460976178,0.23665020804632728,0.25826660183075856,0.6289582280241871,0.3318068230770874,0
TJX,0.06876424672058759,0.07928085573814433,0.1864162177063239,0.19550202507696537,0.6808968908149446,0.41210154967585655,0
TMO,0.11599759494692968,0.09357068922933806,0.1772752876988956,0.09830758778453816,0.8290066123412685,0.49282887783335916,0
TMUS,0.04435740011076983,0.11843273998567103,0.21747918957457432,0.11880770892952114,0.5165922762263864,0.33259380203217653,2
TPR,0.058465910838749524,0.2712943479909431,0.2835210625546457,0.6291330506526716,0.3303333827780787,0.6657213194639108,1
TRGP,0.015783590659977892,0.23033584967533557,0.3246559603760002,0.37117775552112264,0.3399901071057721,0.5759061015663287,1
TRMB,0.051048210561656454,0.16381161190010915,0.24565357476554742,0.28330296702432,0.5124706093472331,0.5723594259598489,2
TROW,0.07481035381293755,0.11171978569721144,0.2082650603698946,0.2633817449568482,0.67272814638225,0.5484986609852935,0
TRV,0.03609031013904451,0.041865017863150444,0.13823630953739674,0.16751385460239263,0.49052724433691886,0.29737658760165386,2
TSCO,0.05378559451921583,0.15932816689532212,0.27431456723163705,0.30383655286891986,0.478508328063188,0.3877132659749858,2
TSLA,0.0956034584954,0.44696832662997465,0.4421754583400652,0.5210429989714304,0.5847737175939333,0.5292803097964145,1
TSN,0.05545014360546685,0.11515041995611,0.21517657420665706,0.341601243598579,0.5877089996827544,0.2253336914615039,2
TT,0.08287793145014824,0.08380433983398752,0.17932771013331147,0.10595026945447669,0.7272857765164542,0.4258534030855548,0
TTWO,0.15204102064667654,0.2748448949999762,0.3495800634039894,0.34819151505105816,0.6956791883953559,0.4348147703715887,0
TXN,0.08582400327262313,0.14914395388200538,0.20909970951377746,0.1874634783413389,0.6669144535089999,0.5668625348307611,0
TXT,0.046854483279028414,0.13669951046692572,0.21227881349173952,0.37269186884711825,0.3210089227913048,0.6076068991328519,2
TYL,0.10168570017856293,0.10238853322435706,0.21933142492539418,0.25518408762178935,0.7774761912243902,0.3833493574337124,0
UAL,0.03358103281569641,0.18926175810011783,0.2694873992599176,0.2503820883196235,0.45348245391967457,0.4406143913735362,2
UDR,0.05336928049486325,0.02904125764244958,0.1514900543840266,0.0972671852380334,0.6183668047826146,0.1690342851085367,0
UHS,0.04671482324688511,0.11818028654390253,0.224322175399061,0.18024734125217914,0.5187574443707925,0.30956333423573507,2
ULTA,0.04276319818860705,0.2765237415877917,0.303021082886459,0.3565506552498592,0.3804903896725855,0.4268726543468881,2
UNH,0.08557464635677903,0.09965031860407506,0.19469344332840074,0.1771503891618241,0.7131536854575832,0.3103984352085336,0
UNP,0.08397091570620438,0.11819514563402525,0.1986592753182754,0.1527089669342608,0.6956810541526279,0.4941739754856578,0
UPS,0.02104647790309505,0.10879020534109132,0.1696349967081714,0.25629157112404155,0.422096873448341,0.44076671115652755,2
URI,0.07001755483717967,0.2913455038020386,0.3635795611012157,0.4727455365789326,0.5248642319597495,0.84288733075337,1
USB,0.027472022136295626,0.03782833500614127,0.15044884375777506,0.16865042100113173,0.5018501057514204,0.38644253165759995,2
V,0.12709967490381865,0.07445506874873822,0.15066048901062598,0.12063997564918202,0.9062807975629614,0.4340926505004986,0
VFC,0.10396575408220679,0.13477265599166408,0.1989594381398432,0.2388732145662337,0.742192467094537,0.48354141156120106,0
VICI,0.04096552545843843,0.08522842669020667,0.1896351257410047,0.15036146544068033,0.6529441528506037,0.21904352927863377,0
VLO,0.08149452751015338,0.15546400980239808,0.2607934145051518,0.4064899538257871,0.5436737820579662,0.5685377921650173,1
VMC,0.02562850959059146,0.16911217526226616,0.2713915864668063,0.3626268917547618,0.44036577762999773,0.26579698473576147,2
VRSK,0.09477561324890016,0.045227232094050746,0.14883120042710396,0.1001019952787699,0.7986566345688346,0.3242951042362686,0
VRSN,0.15585253549844755,0.11655705686351822,0.2008261870103398,0.12491676031129378,0.8663151263834108,0.47870687988427774,0
VRTX,0.16467071553068965,0.2537731203026977,0.31227835453554187,0.14459227050158474,0.7626934469931108,0.4451344912616997,0
VTR,0.038419924358477436,0.08435696853085342,0.1946762874339685,0.27098962468797005,0.39954807261396863,0.10999343039996168,2
VTRS,0.02272508234710599,0.3195219106514784,0.36561525332747824,0.6517018130401669,0.1879858589943686,0.756887169683401,1
VZ,0.030899067356227217,0.05380920358819952,0.15153316179045395,0.11526951416129341,0.513418129529841,0.19315210022239782,2
WAB,0.03795727679803612,0.20900779646736126,0.2843200841216704,0.4249809372228719,0.3654100731126981,0.5076668090082356,1
WAT,0.08041168304387614,0.1213786556734602,0.19128684493729672,0.14432894839894767,0.6371764202539034,0.4258686809983313,0
WBA,0.008666630049762508,0.14202013254978937,0.2245363989397058,0.38275660605196105,0.23860568939782795,0.42626539327100677,2
WBD,0.02181268842156278,0.23945020047979373,0.35097354622508015,0.4223359090619494,0.43050029375440035,0.39310615843389324,2
WDC,0.05573466846525635,0.3400842397038898,0.3855624168919749,0.6708960578440304,0.4030728757057273,0.8463379681679561,1
WEC,0.0780391869722177,0.013136874428893663,0.1390562039942253,0.06589652142573851,0.7924591574606676,0.08818206322026662,0
WELL,0.05923053792702604,0.07158734247125412,0.19112522769568716,0.28140156525442894,0.5818720418393563,0.10748907256425533,2
WFC,0.021994199400039327,0.0876432352361727,0.18364324439436155,0.26980224497499106,0.3876811129013171,0.40747926588746664,2
WHR,0.010529456511255392,0.19358699299947976,0.26215970466367455,0.4367796926696832,0.3186083729166207,0.508641746472439,1
WM,0.07612648302144837,0.015052731887002818,0.11119394322423232,0.03538093471341949,0.7987498312216998,0.22888148513313025,0
WMB,0.010846930080299244,0.11171177335903612,0.22672085556343216,0.3027829861295147,0.2895566045217611,0.383562319574171,2
WMT,0.08349174035515708,0.07240355656946182,0.14416405846046634,0.17572881980475982,0.7361391493048683,0.2390552149058427,0
WRB,0.07109903489602232,0.024872661255321088,0.1430113886492505,0.05518668167195617,0.7476863697959221,0.26820583300480805,0
WRK,0.04138468931939976,0.1744737844627222,0.2611533582511689,0.49145154704951044,0.3391459142276284,0.6105129756112252,1
WST,0.07914790638318198,0.12950615655250727,0.21265990690811917,0.18773401247724888,0.6724096153258707,0.38870858917497403,0
WTW,0.07055297948218095,0.055833165540131624,0.17466464099972479,0.09520835108948078,0.7218385997173627,0.3951091254240887,0
WY,0.034004393594803894,0.09555732776988266,0.19907341362789802,0.4072012957072736,0.4162500508540488,0.42068776718399387,2
WYNN,0.11940438855634147,0.31755434119724,0.3436312052906515,0.5218712001711437,0.5621690873863404,0.7695651341472385,1
XEL,0.07207704382805369,0.013259980137953764,0.13980643554802147,0.10109281705740222,0.7789896073192484,0.1215326342522729,0
XOM,0.002533960933651047,0.052646315956557777,0.13367040147071718,0.17256681736091214,0.2647972374751755,0.40377234056230715,2
XRAY,0.01843160167228755,0.1607192592005269,0.23040367766394068,0.47527736896587036,0.36076510283112906,0.35453258798272863,2
XYL,0.07296097381605421,0.10854823760537172,0.19671704214284066,0.18652176684837132,0.6431582807923459,0.47978170827822286,0
YUM,0.09034133652473011,0.036115936880938754,0.13504561003295892,0.10578170001304385,0.7375835879742003,0.21995254467000178,0
ZBH,0.04913543126207706,0.1031986940386572,0.1990185109409016,0.20118126372028414,0.5758273357602122,0.37727278216366783,2
ZBRA,0.16564830158850416,0.2725228903535317,0.3162002978684779,0.232991897393847,0.7571149674509201,0.6211780932408002,0
ZION,0.03836097712053421,0.13637949778112166,0.25017743407824056,0.2873186297238237,0.4829814250661254,0.47191675765385893,2
ZTS,0.1343689044988363,0.08180739944189377,0.17516013269812103,0.09203307216473552,0.9200374985728328,0.3870473877215051,0
